Name,Religion,Sex,Weight,Race,Date Of Birth,Hair Color,Blood Group,Genotype,Height
Faith,Christainity,Female,2.5,Black,03-10-20,Red,A,AA,47.1
Stella,Christainity,Female,2.8,Black,03-06-09,Black,AB,AS,47.6
Ubaydah,Islam,Female,3.3,Asian,03-07-07,Chocolate,B,AA,49.5
Habib,Islam,Male,4,Black,02-10-10,Black,O,AA,52.5
Florence,Christainity,Female,2.6,White,01-11-14,Red,O,SC,47.4
Giwa,Islam,Male,2.9,American Indian,04-06-17,Brown,O,SS,48.5
Aisha,Islam,Female,4.5,American Indian,06-09-19,Black,O,AA,54.7
Victor,Christainity,Male,4.3,White,00-12-12,Chocolate,AB,AS,54.5
Williams,Christainity,Male,3.7,Pacific Islander,01-09-09,Black,A,AS,50.5
Mariam,Islam,Female,3.9,Pacific Islander,02-06-29,Black,B,AS,51.3
West,Christainity,Male,4,Asian,04-04-18,Red,AB,AS,53.3
Shehu,Islam,Male,3,Asian,06-09-12,Brown,A,AA,50.7
Hanna,Christainity,Female,2.5,Black,04-12-24,Brown,A,SC,47.4
Zehida,Islam,Female,2.5,Black,02-07-20,Black,B,SS,47.2
Bola,Christainity,Male,4.1,White,01-08-17,Chocolate,O,SS,53.5
Praise,Christainity,Male,2.8,American Indian,01-01-26,Red,B,AA,48.2
Fawaz,Islam,Male,2.6,Pacific Islander,04-04-14,Red,A,AS,48.5
Rapheal,Christainity,Female,4.7,White,06-09-16,Black,AB,SC,53.8
Naheem,Islam,Male,2.9,Asian,02-02-11,Chocolate,AB,SS,48.6
